Aa en Hunze;20,8;22,2;23,8;24,7;24,7;24,8;24,9;25,2;25,4
Aalburg;21,3;22,5;24,5;25,3;24,5;25,2;24,8;25,4;25,3
Aalsmeer;23,2;24,9;26,6;27,3;27,3;27,2;27,4;28,1;28,2
Aalten;19,7;20,2;21,9;22,6;22,1;22,3;22,5;23,1;23,1
Ter Aar;22,5;;;;;;;;
Abcoude;30;32,8;36,5;36,8;34,8;;;;
Achtkarspelen;18,2;19,4;20,5;21,1;20,9;20,7;21;21;21,1
Alblasserdam;20,4;21,4;23,1;23,7;24;23,9;24;24,3;24,5
Albrandswaard;23,9;25,3;27,1;28,2;28,3;28,2;28,1;28,5;29,1
Alkemade;22;24;26,1;;;;;;
Alkmaar;20;21,2;22,5;23,2;23,5;23,5;23,6;23,7;23,9
Almelo;18,6;19,7;20,8;21,4;21,4;21,5;21,6;21,8;21,9
Almere;20,1;21,3;22,7;23,3;23,5;23,6;23,7;23,7;23,9
Alphen aan den Rijn;22,1;23,4;25,2;25,8;25,7;25,6;25,6;25,9;26,2
Alphen-Chaam;22,6;24,1;26,1;26,2;26,7;26,3;26,9;27,2;27,4
Ambt Montfort;20,1;;;;;;;;
Ameland;18,8;19,4;21,8;22,5;22;22;21,7;22,1;22,5
Amerongen;;;;;;;;;
Amersfoort;21,8;23,2;24,9;25,4;25,7;25,6;25,7;25,9;26,1
Amstelveen;25,1;25,9;28,1;28,8;28,5;28,5;28,4;29;29
Amsterdam;19,3;20,5;22;22,8;22,8;22,8;23;23,3;23,5
Andijk;20,9;22,4;24,9;24,7;23,7;;;;
Anna Paulowna;19,6;21,1;22,6;22,9;23,2;23,6;;;
Apeldoorn;20,7;21,9;23,6;24,1;24,4;24,4;24,3;24,6;24,7
Appingedam;18,5;19,3;20,7;21,3;21,3;21,5;21,6;21,7;22
Arcen en Velden;21,2;22,1;23,7;24,2;;;;;
Arnhem;18,6;19,7;21;21,5;21,9;21,9;22,1;22,3;22,3
Assen;19,4;20,4;21,5;22,3;22,6;22,6;22,7;22,9;23,1
Asten;21,7;22,4;24,1;23,9;24,2;24,5;24,5;25,1;25
Baarle-Nassau;21,3;21,8;23,8;24;24,2;24,5;24,8;25;25
Baarn;23;24,6;26,5;27,3;27,8;27,7;27,7;28,3;28,2
Barendrecht;23,7;24,9;26,7;27,5;27,6;27,6;27,6;27,9;28,2
Barneveld;21,4;22,3;24,3;24,6;24,4;24,3;24,1;24,6;24,4
Bedum;19,8;20,5;21,9;22,7;22,7;22,8;23,2;23,4;23,7
Beek (L.);20,9;22,1;23,6;24,5;24,6;24,7;25,1;25,2;25,5
Beemster;23,9;24,6;27,3;27,9;27,2;28,2;28;28,9;28,4
Beesel;19,6;20,8;22,4;22,7;22,5;22,7;22,9;23,5;23,4
Bellingwedde;17,9;18,9;20,8;21,5;21,4;21,5;21,7;22,4;22,7
Bennebroek;27,1;27,7;30,9;;;;;;
Bergambacht;22,3;23,5;25,8;26,8;26,9;26,8;26,5;26,8;27,2
Bergeijk;22,1;23,4;25,5;26,2;25,1;25,4;25,7;25,7;26,1
Bergen (L.);19,7;20,6;21,8;22,3;22,9;23;23,1;23,7;23,8
Bergen (NH.);24;25;28;28;27,8;27,9;27,5;28,5;28,4
Bergen op Zoom;20,2;21;22,6;23,2;23,7;23,6;23,8;23,9;24
Bergschenhoek;24,8;;;;;;;;
Berkel en Rodenrijs;23,7;;;;;;;;
Berkelland;20,3;21,1;22,6;23,7;23,2;23,5;23,7;24;24,1
Bernheze;22;23,4;25,3;25,6;25,5;25,6;25,5;25,9;26,2
Bernisse;22,5;24;26,3;26,5;27,5;27,4;27,4;27,9;28,1
Best;22,2;23,5;25,5;25,9;26,3;26,1;26,4;26,9;27
Beuningen;21,7;22,6;24,5;25,1;25,4;25,4;25,4;25,8;25,9
Beverwijk;20,5;21,5;23;23,3;23,5;23,4;23,6;23,7;23,8
het Bildt;18,2;19,3;20,3;21,4;20,4;20,5;21,3;20,8;21,2
De Bilt;26;27,5;30,7;31,3;31,1;30,8;30,6;31,2;31,3
Binnenmaas;23,5;24,3;27;27,2;26,9;26,6;26,6;27,2;27,6
Bladel;21,3;22,7;24,3;25,1;25;24,8;24,9;25,5;25,4
Blaricum;33;35,6;41,7;40,5;38,1;37,9;35,2;37,7;37,1
Bleiswijk;24,1;;;;;;;;
Bloemendaal;34;37,1;41,3;39,6;38,8;38,5;37,3;39,2;39,5
Boarnsterhim;19,7;21,9;22,9;24,3;23,5;23,6;23,9;24,3;
Bodegraven;22,1;23,8;26,2;26,2;26,2;;;;
Bodegraven-Reeuwijk;;;;;;27,7;27,5;27,8;27,9
Boekel;20,7;21,5;23,3;24,6;23,4;24,1;23,6;24,6;24,5
Ten Boer;19,4;20,7;21,7;22,6;22,5;22,9;23,4;23,2;23,5
Bolsward;19,3;19,8;20,2;21;21,5;;;;
Borger-Odoorn;19,1;20,4;21,8;22,5;22,8;22,7;23;23,2;23,5
Borne;20,9;22,4;24;24,9;24,2;24,2;24,7;25,3;25,3
Borsele;20,6;21,8;23,9;24,3;24,1;24,3;24,7;25,1;25,2
Boskoop;22;23;24,9;25,8;25,9;25,7;25,7;26;
Boxmeer;20,9;22,9;24,5;25,1;24,8;24,7;25,1;25,6;25,9
Boxtel;21,2;22,5;24,1;24,4;24,6;24,6;24,7;24,9;25
Breda;21,1;22,2;24;24,5;24,8;24,7;24,7;25,1;25,2
Breukelen;23,7;25;27,9;28,1;28,1;;;;
Brielle;22,5;24;25,7;26,7;26,4;26,9;26,8;27,2;27,9
Bronckhorst;21,5;22,5;24,2;24,9;24,2;24,4;24,5;24,9;25,1
Brummen;21,3;22,5;24,2;24,6;24,5;24,6;24,7;24,8;25,2
Brunssum;18,4;19,5;20,3;21;21,1;21,2;21,4;21,6;21,8
Bunnik;25,4;26,4;28,8;29,8;29,2;29;29,1;29,4;29,9
Bunschoten;21,1;22,9;24,9;24,9;25,4;25,3;25,4;25,9;25,4
Buren;22,1;23,5;25,6;26;25,8;26,3;26,2;26,6;26,5
Bussum;27,4;28,2;31,4;32,4;31,2;31,4;30,8;31,8;32,2
Capelle aan den IJssel;21,8;22,7;24,1;24,6;25,1;24,8;24,8;24,9;24,9
Castricum;23,9;25,2;27,6;27,5;28,3;28;28;28,4;28,6
Coevorden;19,2;20,3;21,8;22,3;22,3;22,4;22,7;23,1;23,2
Cranendonck;21,1;22,4;23,9;24,8;24,7;24,8;24,8;25,3;25,5
Cromstrijen;22,7;23,9;26,5;26,7;26,9;27;26,9;27,5;27,7
Cuijk;20;21;22,4;22,9;23,3;23,4;23,7;23,8;23,9
Culemborg;21,5;23;24,5;25;25,1;25;24,9;25,2;25,4
Dalfsen;21,3;22,3;23,8;24,7;24,5;24,3;24,6;24,9;25
Dantumadeel;18,3;19,4;20,1;;;;;;
Dantumadiel;;;;21,6;21;21,1;21,4;21,5;21,6
Delft;19;19,9;21;21,4;22,1;21,7;21,6;21,4;21,5
Delfzijl;18,3;19,5;20,7;21,7;21,5;21,4;21,7;21,7;21,8
Deurne;20,7;21,9;23,7;23,8;23,8;24;24;24,6;24,6
Deventer;19,1;20,3;21,7;22,5;22,5;22,6;22,8;23;23,3
Diemen;21,8;22,9;24,2;24,2;24,5;24,1;24,3;24,2;24
Dinkelland;21;22;23,8;25;24,3;24,8;24,8;25,6;25,7
Dirksland;21,4;21,8;23,9;24,3;24,5;24,6;24,8;;
Doesburg;19,4;20,7;21,5;22,3;22,6;22,5;22,7;22,9;22,8
Doetinchem;20;21,1;22,6;23,1;23,3;23,4;23,4;23,5;23,6
Dongen;21;22;23,6;24;24,5;24,5;24,7;25;25,2
Dongeradeel;17,8;19;20,1;20,9;20,7;21;21,3;21,2;21,6
Doorn;;;;;;;;;
Dordrecht;19,9;21;22,4;23,1;23,3;23,2;23,3;23,5;23,7
Drechterland;21,9;24,1;25,6;25,8;25,5;25,6;25,4;25,8;26
Driebergen-Rijsenburg;;;;;;;;;
Drimmelen;21,9;23,4;25,4;25,8;25,6;25,8;25,8;26,1;26,4
Dronten;19,3;20,9;23;23,7;23;23,2;23,5;22,9;23,8
Druten;20,7;21,5;23,4;23,8;23,7;24,1;24;24,4;24,6
Duiven;20,8;21,9;23,4;24,1;24,4;24,5;24,7;24,8;25
Echt-Susteren;20;21,1;22,4;23,3;23,5;23,6;24;24,2;24,4
Edam-Volendam;23,1;24,5;27,3;27,4;27,8;27,5;27,2;27,8;27,3
Ede;20,9;22,2;23,8;24,1;24,5;24,5;24,3;24,6;24,5
Eemnes;23,6;24,6;27,1;27,2;27,3;27,1;27;27,4;27,9
Eemsmond;17,2;18,8;20,4;21,5;20,7;21,5;21,9;21,5;22
Eersel;22,3;23,6;25,7;27,4;26,4;26,3;26,1;26,8;27,2
Eijsden;21,9;22,9;24,5;25,2;25,4;;;;
Eijsden-Margraten;;;;;;25,7;26,1;26,2;26,8
Eindhoven;19,7;20,7;22,1;22,7;22,9;22,8;23;23,2;23,4
Elburg;20,2;21,2;22,7;23,3;23,6;23,1;23,3;23,4;23,5
Emmen;18,2;19,4;20,7;21,2;21,4;21,3;21,6;21,7;21,8
Enkhuizen;20;21,3;22,9;23,2;23,1;22,9;23;23,7;23,6
Enschede;17,5;18,4;19,7;20,1;20,4;20,3;20,4;20,6;20,6
Epe;21,2;21,7;23,8;24,5;24,5;24,6;24,3;24,8;24,9
Ermelo;21,7;23;25,1;25,8;25,2;25;25,2;25,5;25,6
Etten-Leur;20,8;22,2;24;24,7;24,8;24,7;24,8;24,9;25,3
Ferwerderadiel;17,8;19,1;20,8;21,6;20,9;21,3;22,2;21,8;21,7
Franekeradeel;17,9;19,4;21;21,5;21,3;21,3;21,9;21,7;21,9
De Friese Meren;;;;;;;;;23,7
Gaasterlân-Sleat;19,4;20,4;22,1;23;22,6;23;23,2;23,4;
Geertruidenberg;21,1;22,1;23,8;24,7;24,9;24,7;24,8;25,1;25,1
Geldermalsen;22,9;24;25,7;26,5;26,2;26,4;26,2;26,5;27
Geldrop-Mierlo;21,6;22,6;24,5;24,9;24,9;24,8;24,7;25,1;25,4
Gemert-Bakel;20,6;21,7;23,3;23,8;23,8;23,8;24;24,5;24,4
Gennep;20,3;21,7;23;23,1;23,5;23,5;23,5;24;23,9
Giessenlanden;23,6;25,2;27,8;28,4;27,3;27,4;27;27,9;28
Gilze en Rijen;20,7;21,8;23,4;24,3;23,8;24,2;24,4;24,5;24,7
Goedereede;22,3;23,3;25,6;25,9;25,6;26,2;25,8;;
Goeree-Overflakkee;;;;;;;;25,5;25,7
Goes;20,5;21,6;23,5;23,7;23,9;24;24,1;24,5;24,6
Goirle;22,7;24;25,5;25,9;26,4;26,1;26,1;26,4;26,4
Gorinchem;20,2;21,1;22,7;23,5;24,1;24;24,2;24,4;24,7
Gouda;21,1;22,2;23,9;24,4;24,7;24,6;24,6;24,8;24,8
Graafstroom;23,3;24,9;27,7;28,2;26,9;27,2;26,6;;
Graft-De Rijp;23,5;24;26,7;26,8;26,3;26,3;26,3;26,8;27
Grave;19,5;21;22,6;23,8;22,9;22,9;23,3;23,5;23,5
's-Gravendeel;21,3;;;;;;;;
's-Gravenhage (gemeente);19,6;20,8;22,2;22,8;23;22,8;22,9;23;23
Groenlo;20,4;;;;;;;;
Groesbeek;20,8;21,6;23,5;23,9;24,4;23,9;24,2;24,4;24,5
Groningen (gemeente);17,1;18;19;19,4;19,7;19,6;19,7;19,4;19,4
Grootegast;18,5;19,7;20,7;21,7;21,5;21,4;21,6;21,9;22,2
Gulpen-Wittem;21,1;22;23,3;24,5;24,5;24,4;24,9;25;25,2
Haaksbergen;20,6;21,6;23,2;24;24;24,2;24,2;24,6;24,5
Haaren;22,7;23,9;25,8;26,1;26,9;27;26,9;27,7;27,8
Haarlem;21;22,2;23,9;24,6;24,9;24,9;25,1;25,4;25,7
Haarlemmerliede en Spaarnwoude;23,9;25,3;27,6;27,8;27,4;27,7;27,2;28,1;28
Haarlemmermeer;23,1;24,3;26,2;26,9;26,9;26,8;26,9;27,2;27,4
Haelen;21,4;;;;;;;;
Halderberge;21,4;22,7;24,5;25;24,6;24,7;24,8;25,2;25,4
Hardenberg;19,4;20,6;21,8;22,4;22,1;22,3;22,5;22,7;23
Harderwijk;20,4;21,4;23,1;23,6;24;23,9;23,9;24,1;24,1
Hardinxveld-Giessendam;20,9;22,2;24,4;24,9;25,3;25;24,8;25,3;25,1
Haren;24,8;26,4;28,9;29,3;29,9;29,6;29;29,9;29,8
Harenkarspel;21,3;23;25,9;26,2;25,4;25,6;25,6;;
Harlingen;18;19,4;20,7;21,1;21,2;21,4;21,5;21,5;21,5
Hattem;21,9;23,3;25,4;25,4;25,6;25,4;25,4;26;26
Heel;20,7;;;;;;;;
Heemskerk;21,3;22,6;24,3;25;24,9;24,7;25;25,2;25,4
Heemstede;27,7;29;32,9;33,8;33,8;33,6;33,6;34,6;34,4
Heerde;20,8;21,9;23,3;24;24,3;24,2;24,3;24,6;24,7
Heerenveen;19,8;21,2;22,3;23,5;23,3;23,2;23,2;23,4;23,7
Heerhugowaard;20,8;22;23,7;24;23,9;23,9;23,9;24;24,2
Heerlen;18,2;19;20,1;20,6;21;20,9;21,1;21,2;21,3
Heeze-Leende;23,4;25,1;27;27,9;27,2;27,3;27,3;27,7;27,9
Heiloo;24,3;25,8;27,4;28;28,3;28,2;28;28,3;28,6
Helden;20,4;21,9;23,4;23,6;;;;;
Den Helder;18,8;19,9;20,8;21,5;21,9;22;22,2;22,4;22,4
Hellendoorn;20,1;21,2;22,8;23,3;23,2;23,3;23,3;23,5;23,7
Hellevoetsluis;21,3;22,7;24,1;24,9;25,5;25,3;25,5;25,7;26,1
Helmond;19,4;20,6;22;22,6;22,7;22,7;23;23,2;23,2
Hendrik-Ido-Ambacht;22,1;23,4;25,2;25,7;25,7;25,7;26;26,3;26,6
Hengelo (O.);19,4;20,5;21,8;22,4;22,8;22,7;22,8;23,1;23,2
's-Hertogenbosch;21,2;22,4;24,1;24,7;24,8;24,7;25;25,2;25,4
Heumen;22,7;23,8;26,4;26,6;27;27,1;27;27,6;27,8
Heusden;21,4;22,6;24,5;24,9;25,2;25,2;25,4;25,7;25,8
Heythuysen;21,6;;;;;;;;
Hillegom;22,1;23,1;25,4;25,9;25,6;25,8;25,6;25,6;26,1
Hilvarenbeek;22,5;23,7;25,5;26;26;26,3;26,4;26,6;27
Hilversum;23;24,3;26,4;26,9;26,8;26,7;26,6;27;27,1
Hof van Twente;21,3;22,3;24;25;24,5;24,7;24,8;25,1;25,5
Hollands Kroon;;;;;;;24,3;24,3;24,8
Hoogeveen;18,9;19,8;21;21,6;21,6;21,6;21,7;21,7;22
Hoogezand-Sappemeer;18,3;18,9;20,2;20,8;20,8;20,8;21;21;21,2
Hoorn;20,7;22;23,2;23,7;24;24;23,9;24,2;24,3
Horst aan de Maas;20,7;21,8;23,4;24;24,1;24,4;24,4;25;25,3
Houten;23,9;25,2;27,3;27,8;28,4;28,6;28,6;28,8;29,1
Huizen;23,9;24,8;27,2;27,5;27,5;27,3;27,2;27,7;27,7
Hulst;20,6;21,8;23,2;23,7;24;24,3;24,6;24,6;24,8
Hunsel;21,2;;;;;;;;
IJsselstein;22,3;24;26,1;26,6;26,6;26,5;26,5;27;27
Jacobswoude;24,2;25,2;27,8;;;;;;
Kaag en Braassem;;;;27,6;27,1;27,1;26,7;27,5;27,6
Kampen;19,3;20,3;21,9;22,4;22;22,1;22,2;22,5;22,6
Kapelle;21,2;22,4;24,4;25,1;25;25,1;25,1;25,6;25,8
Katwijk;21,1;22,2;23,9;24,3;24,3;24,4;24,3;24,5;24,8
Kerkrade;18;18,8;19,6;20,5;20,7;20,8;21,1;21,2;21,2
Kessel;20,1;21,1;23;24,3;;;;;
Koggenland;;23,5;25,5;25,9;25,3;25,5;25,5;25,5;25,7
Kollumerland en Nieuwkruisland;17,6;18,9;20,1;21;20,9;20,8;21,4;21,3;21,5
Korendijk;21,6;23,2;25,5;25,6;26,1;26,3;25,8;26,5;27,1
Krimpen aan den IJssel;22,7;23,6;25,5;26;25,8;25,7;25,5;25,9;26,1
Laarbeek;20,7;22,6;23,8;24,5;24,6;24,6;24,7;24,9;25,2
Landerd;21,5;22,6;24,7;25,6;25,1;25,4;25,1;25,7;25,5
Landgraaf;19,3;20,1;21,4;22;22,4;22,4;22,6;22,8;23
Landsmeer;24,9;26;28,7;29,4;29,6;29,3;29;29,2;29,4
Langedijk;22,3;23,4;26,1;26;26;25,9;25,7;26;25,9
Lansingerland;;25,6;27,8;27,9;27,7;28,2;28,2;28,9;29,2
Laren (NH.);30,2;31,9;36,1;33,4;35,2;34,5;33,1;36,6;36,9
Leek;19,2;20,4;21,4;23;22,9;22,8;22,8;23;23,2
Leerdam;20,2;21,2;23,3;23;23,5;23,6;23,7;23,8;24,1
Leersum;;;;;;;;;
Leeuwarden;17,8;18,8;20;20,6;20,7;20,6;20,7;20,7;21,2
Leeuwarderadeel;19,5;20,4;22,1;22,5;22,5;22,6;23,3;23,3;23,7
Leiden;20,2;21,2;22,7;23,2;23,7;23,5;23,5;23,4;23,5
Leiderdorp;23,5;24,7;26,4;26,9;27,6;27,4;27,3;27,6;27,8
Leidschendam-Voorburg;23,5;24,5;26,4;26,9;27,5;27,4;27,3;27,7;27,8
Lelystad;19,7;20,6;22;22,5;22,6;22,6;22,7;22,7;22,9
Lemsterland;19,5;21;23,3;23,4;22,7;22,8;23,2;23,6;
Leudal;;22,4;23,6;24,4;24,2;24,4;24,6;25,2;25,3
Leusden;24;25,2;26,7;28;27,6;28;28;28,4;28,6
Liemeer;22,3;;;;;;;;
Liesveld;21,2;22,9;25,4;25,6;25,8;26;25,8;;
Lingewaal;22,2;23,2;25,5;25,8;25,9;25,9;25,8;26,1;26,4
Lingewaard;20,8;22,1;24,1;24,2;24,3;24,5;24,6;24,8;24,9
Lisse;21,6;23;24,9;25,2;25,8;25,6;25,5;26,2;26,3
Lith;20,9;22,3;24;25,1;25,5;;;;
Littenseradiel;20,2;21,2;22,6;24,2;23,1;23,4;24,3;24,1;24,3
Lochem;22,7;23,8;26,1;26,5;26,1;26,4;26,4;26,8;27,1
Loenen;28,4;29,5;31,5;32,3;32,1;;;;
Loon op Zand;21,7;22,6;24,7;25;25,3;25,1;25,1;25,3;25,4
Lopik;22,6;23,6;25,8;26;25,4;25,4;25,8;26;26,7
Loppersum;18,5;20;21,4;22,6;21,9;22,6;23;22,7;23,4
Losser;19,8;20,9;22,2;23;23,1;23,3;23,3;23,5;23,5
Maarn;;;;;;;;;
Maarssen;23,3;24,4;26,5;26,5;27,3;;;;
Maasbracht;20,5;;;;;;;;
Maasbree;21,3;22,7;24,4;24,7;;;;;
Maasdonk;21,8;23,1;24,8;25,2;25,3;25,8;25,7;26,4;26,5
Maasdriel;21,9;23,3;25;25,6;25,3;25,4;25,6;25,8;25,8
Maasgouw;;21,9;23,9;24,2;24,2;24,2;24,8;24,9;24,9
Maassluis;21,1;22;23,6;24,5;24,4;24,1;24,3;24,3;24,5
Maastricht;18,5;19,4;20,6;21,1;21,4;21,1;21,1;20,9;20,9
Margraten;22;22,8;24,7;26;25,9;;;;
De Marne;17,7;19,6;21,8;21,9;21,3;21,8;22,4;22;22,9
Marum;19,8;21;22,1;22,4;22,6;22,6;23;23,2;23,7
Medemblik;19,8;22,9;24,4;24,7;24,4;24,5;24,3;24,6;24,7
Meerlo-Wanssum;20,8;21,5;23,5;23,7;;;;;
Meerssen;21,9;22,6;24,1;25,3;25,6;26;26,2;26,5;27
Meijel;21;22,3;22,8;22,9;;;;;
Menaldumadeel;19,7;20,5;22,2;23,2;22,9;;;;
Menameradiel;;;;;;22,9;23,2;23,5;23,8
Menterwolde;18,6;19,6;21,3;21,3;21,6;21,8;22,1;22,1;22,5
Meppel;19,9;20,9;22;22,8;23,1;23,1;23,2;23,4;23,6
Middelburg (Z.);20;21;22,7;23;23,1;23,2;23,5;23,8;24
Middelharnis;20,4;21,8;23,7;24,2;24,6;24,6;24,7;;
Midden-Delfland;23,9;25,5;28,3;28,9;27,8;28,2;28,3;28,5;29
Midden-Drenthe;19,7;20,7;21,9;22,9;23,3;23,4;23,6;24,1;24,1
Mill en Sint Hubert;20;21,3;22,8;24;23,8;24,2;24,5;24,8;24,9
Millingen aan de Rijn;19,5;20,3;22;22,5;22,6;22,9;22,8;23;23,1
Moerdijk;21,4;22,6;24,5;25,1;25,6;25,4;25,3;25,7;25,8
Molenwaard;;;;;;;;26,1;26,4
Montferland;20,2;21,3;22,8;23,5;23,4;23,4;23,5;23,8;23,8
Montfoort;22,9;24,3;26,7;27,4;27,3;27,3;27,2;27,9;28
Mook en Middelaar;23,6;24,7;27,2;27;28,2;28,1;27,8;28,5;28,8
Moordrecht;21,4;22,2;24,4;24,7;;;;;
Muiden;27,4;29;31,3;31,9;30,6;30,6;30,4;30,5;30,5
Naarden;30;31,1;34,1;35;34,5;34,7;34,2;34,8;35,5
Neder-Betuwe;20,6;21,4;23,5;24,2;23,8;23,5;23,9;24,2;24,3
Nederlek;22,2;23,5;25,3;25,5;25,9;25,8;25,8;26,1;26,2
Nederweert;21,1;21,6;23,5;24;24,5;24,4;23,9;25;24,9
Neerijnen;21,5;24;25,7;26;25;26,2;26;26,6;26,8
Niedorp;21,6;22,6;24,4;24,8;24,7;25;;;
Nieuwegein;21,8;23;24,4;25;25,2;25;25;25,1;25,1
Nieuwerkerk aan den IJssel;23,9;25,4;27,8;28;;;;;
Nieuwkoop;23,8;24,2;26,8;27,1;26,7;26,8;26,4;26,8;27
Nieuw-Lekkerland;20,4;21,1;23,7;24,6;24,1;23,8;24,2;;
Nijefurd;18,6;20,8;22;23,7;21,8;;;;
Nijkerk;21,6;23,1;24,9;25;25,2;25,2;25,2;25,5;25,5
Nijmegen;18,6;19,4;20,7;21,1;21,6;21,6;21,7;21,6;21,8
Noord-Beveland;20;21,1;22,6;23,1;23,3;23,4;23,7;24,2;24,4
Noordenveld;21;21,9;23,5;24,3;24,4;24,4;24,3;24,4;24,6
Noorder-Koggenland;21,5;;;;;;;;
Noordoostpolder;18,2;20,2;22,4;23;22,3;22,5;23;22,3;23
Noordwijk;22,9;24,7;26,8;27,1;26,9;27;26,5;27,2;27,3
Noordwijkerhout;21,6;23,2;25,1;25,8;25,1;25;25,1;25,6;25,5
Nuenen, Gerwen en Nederwetten;24,3;25,6;27,6;29,1;28,7;28,6;28,3;28,8;29,1
Nunspeet;20,4;21,8;23,6;24,1;24;24,1;24,1;24,4;24,2
Nuth;21,8;22,7;24,6;25;24,8;24,9;25,2;25,5;25,7
Obdam;22,8;;;;;;;;
Oegstgeest;27;28,1;30,9;31,4;31,9;31,5;31,3;31,6;32,2
Oirschot;22,1;23,1;25,3;26,4;25,9;26,3;26,2;27,2;27
Oisterwijk;22,9;24,5;26,9;27,2;26,8;26,8;26,4;26,8;27,3
Oldambt;;;;;21;21,1;21,2;21,3;21,3
Oldebroek;20,2;21,8;23,4;24,1;23,5;23,3;23,2;23,4;23,5
Oldenzaal;20,2;21,3;22,5;23,1;23,6;23,5;23,6;23,9;24,1
Olst-Wijhe;20,7;21,4;23;23,9;23,9;24;24,2;24,5;24,8
Ommen;21;22,2;24,1;24,3;23,6;23,7;23,7;23,9;24,2
Onderbanken;19,2;19,9;21,8;22;22,6;22,7;23;23,3;23,5
Oost Gelre;;21,1;22,8;23,8;23,3;23,5;23,5;24,1;24,2
Oosterhout;21,4;22,6;24,5;25;25;25;24,9;25,3;25,4
Oostflakkee;20;21,6;22,9;24;24,3;24,5;24,7;;
Ooststellingwerf;18,9;19,4;20,8;21,7;21,4;21,8;21,9;22,1;22,4
Oostzaan;23,3;24,2;26,9;26,8;27,2;26,8;26,9;27,5;27,6
Opmeer;21,4;23,1;25,4;25,3;25;24,9;25;25,2;25,6
Opsterland;20;20,9;22,2;22,9;22,5;22,6;23;23,2;23,3
Oss;20,7;21,9;23,7;24;24;24,1;24,2;24,6;24,6
Oud-Beijerland;22,5;23,6;25,6;25,9;26,4;26,5;26,5;26,9;27
Oude IJsselstreek;19,4;20,5;22,1;22,7;22,4;22,5;22,6;22,7;22,9
Ouder-Amstel;26;27,5;30,7;31,4;30,6;30,7;30,7;31;31,3
Ouderkerk;22,2;23,3;25,9;26,3;25,7;25,5;25,8;26;26,2
Oudewater;23,4;25,4;28,1;28,9;26,8;27;26,8;27,2;27,8
Overbetuwe;21,1;22,3;24,2;24,7;24,6;24,8;25;25,4;25,6
Papendrecht;21,6;22,7;24,5;25,4;25,7;25,4;25,4;25,6;25,9
Peel en Maas;;;;;23,7;23,9;24,1;24,6;24,8
Pekela;17;18,2;19;19,8;19,7;19,6;19,7;19,9;20,1
Pijnacker-Nootdorp;23,4;25,1;27,3;27,1;26,9;27,4;27,4;27,6;28,2
Purmerend;20,7;21,8;23,2;24,1;24,2;24,2;24,3;24,4;24,6
Putten;22,1;23,4;24,7;25,5;24,9;24,9;24,7;25,5;25,2
Raalte;20,4;21,6;23,1;23,8;23,8;24,2;24,3;24,7;24,9
Reeuwijk;25,3;26,3;29;28,8;29,3;;;;
Reiderland;16,4;17,7;18,7;19,6;;;;;
Reimerswaal;20;20,7;22,4;22,8;22,9;22,9;22,9;23,4;23,6
Renkum;23;24,1;26,3;26,9;27,1;27;26,6;27,3;27,4
Renswoude;21,2;22,5;25,1;25,3;24,6;25,2;25,1;25,7;25,5
Reusel-De Mierden;21,9;23,1;24,6;25,9;25,5;25,6;25,6;25,7;25,9
Rheden;21,1;21,9;23,4;24,2;24,2;23,9;24,1;24,4;24,4
Rhenen;22;22,9;25,1;24,6;24,9;24,7;24,7;25,1;25,1
Ridderkerk;21,4;22,5;24,2;24,7;24,9;24,8;24,6;24,9;24,8
Rijnsburg;;;;;;;;;
Rijnwaarden;19,2;19,7;21;21,8;22,1;22,3;22,5;22,5;22,7
Rijnwoude;23,2;24,6;26,7;26,4;26,6;26,8;26,5;27;
Rijssen-Holten;20,6;21,2;22,8;23,6;23,2;23,1;23,3;23,5;23,7
Rijswijk (ZH.);22,2;22,9;24,5;25;25,1;25;25;25,1;25
Roerdalen;20,8;21,5;23;23,5;23,7;23,9;24,1;24,7;24,8
Roermond;19,2;20,2;21,4;22,1;22,6;22,7;22,8;23;23,2
Roggel en Neer;20,9;;;;;;;;
De Ronde Venen;24,5;25,7;28;28,4;28,1;29,3;29,1;29,6;29,8
Roosendaal;20,5;21,3;23;23,6;23,8;23,8;23,9;24,1;24,2
Rotterdam;18,3;19,3;20,7;21,3;21,5;21,4;21,4;21,6;21,7
Rozenburg;20,9;21,6;23,1;23,8;24,1;;;;
Rozendaal;32,4;31;39,2;38;37,5;38,4;36,1;38,4;39,7
Rucphen;21,3;22,1;24,4;24,7;24,5;24,5;24,3;24,7;24,7
Sassenheim;;;;;;;;;
Schagen;20,9;22,1;23,9;24,2;24,4;24,3;24,4;25,1;25,2
Scheemda;18,2;19,4;20,7;21,3;;;;;
Schermer;23,7;24,4;26,7;27,5;26,6;27;27,1;27,3;27,1
Scherpenzeel;21,6;22,6;24,5;23,9;24,7;24,5;24,4;24,7;24,5
Schiedam;19,2;20,2;21,6;22,2;22,5;22,4;22,3;22,4;22,5
Schiermonnikoog;.;.;.;.;22,2;21,7;22,6;22,9;23,4
Schijndel;21;22,2;24,2;24,8;24,4;24,2;24,4;24,8;24,8
Schinnen;21,1;22,1;23,6;24,5;24,6;24,6;24,8;25,3;25,7
Schoonhoven;21,1;22,3;24,5;24,8;24,8;24,8;24,8;25,2;25
Schouwen-Duiveland;21,3;22,3;24,7;24,8;24,8;25;24,9;25,2;25,3
Sevenum;20,9;22,1;24,2;24,9;;;;;
Simpelveld;20,2;20,8;22,5;22,8;23;23,3;23,6;23,7;23,9
Sint Anthonis;21,5;23,2;24,7;25,1;24,7;25,4;25,1;26,1;26,3
Sint-Michielsgestel;22,6;23,9;26;26,4;26,9;26,9;27;27,6;27,7
Sint-Oedenrode;21,5;22,9;24,4;25,2;24,9;24,9;25,3;25,9;25,8
Sittard-Geleen;19,8;20,9;22;22,6;22,8;22,8;23,2;23,2;23,5
Skarsterlân;19,7;21;22,6;23,8;22,9;23,3;23,5;23,7;
Sliedrecht;20,6;21,4;23,4;23,4;23,9;23,7;23,6;23,9;23,8
Slochteren;20;20,8;22,3;23;23,1;23,4;23,7;23,7;24,3
Sluis;20,6;21,2;22,6;23,2;23,6;23,9;23,9;24,3;24,6
Smallingerland;18,7;19,9;21,1;21,7;21,9;21,7;21,8;22;22,1
Sneek;18,8;20;21,7;22,4;22,5;;;;
Soest;23,1;24,5;26,7;27,3;27,4;27,1;27,1;27,5;27,7
Someren;20,6;22;24;23,9;24,1;24,4;24,2;24,7;24,6
Son en Breugel;24,1;25,3;27,3;27,1;27,7;27,6;27,7;28,2;28,4
Spijkenisse;20,5;21,6;23;23,9;24,1;24;24,3;24,3;24,5
Stadskanaal;17,9;18,8;20;20,6;20,6;20,5;20,7;20,8;20,8
Staphorst;20,5;21,5;23,3;23,8;23,6;23,6;23,6;23,5;23,9
Stede Broec;20,5;21,7;23;23,6;23,6;23,5;23,6;24;24,1
Steenbergen;21,3;22,5;24,1;25;24,3;24,7;24,6;25;25,1
Steenwijkerland;19;20,4;21,9;22,9;22,7;22,7;23,1;23,1;23,2
Stein (L.);20,4;21,5;22,6;23,5;23,8;23,7;24,1;24,4;24,5
Stichtse Vecht;;;;;;28,2;28,2;28,5;28,8
Strijen;23;23,2;26,2;26,1;26;25,6;25,9;26,4;26,6
Súdwest-Fryslân;;;;;;22,5;22,6;23;23,1
Swalmen;18,8;;;;;;;;
Terneuzen;20,2;21,3;22,6;23,3;23,4;23,4;23,6;23,7;24,2
Terschelling;20,3;21,7;22,6;23,9;23,3;23,8;23,2;23,5;24
Texel;19,2;20,7;22,8;23;22,9;23,2;23;23,3;23,6
Teylingen;24;25,4;27,3;27,7;28,2;28,2;27,8;28,4;28,8
Tholen;19,5;20,8;22,5;23,3;23;22,8;23,2;23,2;23,5
Thorn;21,6;;;;;;;;
Tiel;19,8;20,7;22,2;23;23,5;23,3;23,3;23,4;23,5
Tilburg;19;20;21,5;21,8;22;22;22,1;22,1;22,2
Tubbergen;21,5;22,4;24,3;24,3;23,8;24,1;24,4;24,8;25,1
Twenterand;19,1;20,3;21,5;22,3;22,3;22,1;22,2;22,3;22,4
Tynaarlo;21,9;22,9;24,8;25,7;25,8;25,8;25,8;26,3;26,7
Tytsjerksteradiel;19,7;20,8;22,2;23,3;22,8;22,6;22,8;23,1;23,1
Ubbergen;21,1;22,3;23,4;24,2;24,7;24,8;24,6;25,1;25,2
Uden;20,8;22,1;24;24,1;24,5;24,5;24,5;24,8;24,8
Uitgeest;22,9;23,9;26,2;26,8;26,5;26,3;26,5;26,8;27,2
Uithoorn;24,1;24,6;26,8;27;26,6;26,6;26,6;26,9;27,2
Urk;18,1;19,1;21,2;21,6;21,4;21,8;21,9;22,2;22,1
Utrecht (gemeente);19,8;20,9;22,5;23,2;23,5;23,5;23,6;23,8;24,1
Utrechtse Heuvelrug;25,1;26,2;28,8;29,6;28,8;28,7;28,5;29;29,1
Vaals;17,3;18,9;19,4;20,2;20,4;20,6;20,9;21,1;21,5
Valkenburg (ZH.);;;;;;;;;
Valkenburg aan de Geul;20,5;21,5;22,9;24,1;24,3;24,5;24,5;24,9;25,1
Valkenswaard;20,7;22,3;24;24,3;24,5;24,4;24,6;24,9;25,2
Veendam;18,4;19,6;20,6;21,3;21,5;21,3;21,5;21,7;21,7
Veenendaal;20,5;21,5;23;23,4;23,8;23,8;23,7;23,9;24
Veere;20,8;21,8;24,1;24,4;24,8;24,8;24,9;25,4;25,5
Veghel;21,3;22,8;24;24,7;24,6;24,8;25;25,4;25,5
Veldhoven;21,7;22,8;24,7;25,3;25,8;25,6;26;26,3;26,6
Velsen;21,5;22,8;24,3;25,1;25,2;25;25,1;25,3;25,5
Venhuizen;;;;;;;;;
Venlo;19;20,1;21,4;21,8;22;22,2;22,3;22,5;22,5
Venray;20,5;21,6;22,9;23,5;23,9;23,9;23,8;24,5;24,2
Vianen;22,1;23,7;25,3;26,1;25,5;25,5;25,5;25,8;25,9
Vlaardingen;19,7;20,8;22,2;22,8;23,3;23;23,1;23,3;23,3
Vlagtwedde;17,8;18,3;20;20,6;21,1;20,9;21,1;21,3;21,4
Vlieland;18,7;21,1;22,3;22,5;22;23,6;22,8;23,6;24
Vlissingen;18,9;19,6;21;21,8;22;21,9;22;22,2;22,4
Vlist;23,2;23,9;27,7;26,6;27,1;27,2;27,1;26,9;27,2
Voerendaal;22,3;22,7;24,4;25,2;25,5;25,4;25,7;25,8;26,3
Voorhout;;;;;;;;;
Voorschoten;25,9;26,5;28,8;29,7;29,9;29,7;29,6;29,8;30
Voorst;21,2;22,4;24,3;25,1;24,8;25,1;25,2;25,4;25,6
Vught;23,6;25,2;27,4;27,9;27,4;27,5;27,4;28,4;28,6
Waalre;24,9;26,4;29,1;29,3;29,2;29,1;29,4;30;30,3
Waalwijk;21,1;22,1;24,1;24,3;24,2;24,1;24,1;24,4;24,5
Waddinxveen;22,4;23,8;26,1;26,2;25,9;25,9;25,8;26,1;26,1
Wageningen;18;18,8;20,1;20,5;20,6;21;20,9;20,8;21,1
Warmond;;;;;;;;;
Wassenaar;32,2;33,5;37,3;39,5;37,7;37;36;37,4;37,2
Waterland;25,1;26,2;28,8;29,5;28,7;28,8;28,9;29,2;29,5
Weert;20,5;21,8;23,3;23,8;24,1;24;24,2;24,5;24,6
Weesp;22;23,1;24,9;25,8;25,9;25,8;25,8;26,2;26,3
Werkendam;21,9;23,4;25,4;26,3;25,3;25,3;25,8;25,6;25,8
Wervershoof;21,7;22,1;24,3;24;23,4;;;;
West Maas en Waal;21,6;22,5;24,5;25,1;24,9;24,7;24,7;25,1;25,2
Wester-Koggenland;21,6;;;;;;;;
Westerveld;20,7;22,2;23,7;25;23,7;24,1;24,3;24,6;24,7
Westervoort;19,7;20,9;22,2;23,2;23,2;23,2;23,2;23,3;23,4
Westland;22;23,8;26,2;26;24,8;26;25,4;26;26
Weststellingwerf;18,5;19,7;21;21,9;21,7;21,9;22,3;22,6;22,7
Westvoorne;26;26,5;29,7;30,4;30,3;30,5;30;30,5;30,9
Wierden;21,4;22,3;24,4;25;25;25,1;25,2;25,6;25,7
Wieringen;21,3;21,5;24,5;24,5;23,4;23,6;;;
Wieringermeer;19,5;21,3;23,6;24,4;23,8;24,4;;;
Wijchen;21,1;22,1;23,8;24,3;24,5;24,6;24,5;24,9;25,1
Wijdemeren;25;25,4;28,6;29,2;28,8;28,9;28,7;29,3;29,2
Wijk bij Duurstede;22,2;23,8;25,6;26,6;26,6;26,5;26,9;27;27,2
Winschoten;17,6;18,8;19,9;20,7;;;;;
Winsum;19,4;20,6;22,5;23,5;22,4;22,8;23,2;23,2;23,6
Winterswijk;19,2;19,9;21,6;22,2;22,2;22,2;22,5;22,5;22,9
Woensdrecht;20,5;21,7;23,3;23,6;24,4;24,5;24,4;24,8;25
Woerden;23,2;24,2;26,5;27,2;27,4;27,2;27,3;27,6;27,7
Wognum;21,5;;;;;;;;
De Wolden;20,1;21,8;23,3;24,2;24,4;24,5;24,9;25;25,2
Wormerland;22,1;23,5;25,4;25,5;26,2;26,2;26;26,4;26,5
Woudenberg;21,5;22,7;24,2;24,9;25,5;25,5;25,2;25,8;25,8
Woudrichem;21,8;22,8;24,9;25,6;25,6;25,4;25,5;25,9;26,5
Wûnseradiel;19,2;20,3;21,6;23,2;22;;;;
Wymbritseradiel;20,3;21,7;23,2;24,2;23,3;;;;
Zaanstad;20,5;21,5;22,9;23,6;23,7;23,6;23,7;23,8;23,9
Zaltbommel;21,5;22,7;25;24,9;23,7;24,8;25,1;25,5;25,3
Zandvoort;22;23,5;25,8;26,1;25,5;25,6;25;25,6;25,5
Zederik;22,2;23;25,5;25,8;25,9;26,2;25,9;26,3;26,5
Zeevang;23,5;24,5;26,9;28,3;28,5;27,6;27,9;28,6;28,5
Zeewolde;21,6;23;25,3;25,5;25;26;25,9;26;26
Zeist;23,9;25,4;27,9;28,3;28,1;28,1;27,8;28,3;28,4
Zevenaar;20,5;21,5;23;23,9;23,6;23,6;23,5;23,8;23,8
Zevenhuizen-Moerkapelle;21,7;23,6;26,2;25,5;;;;;
Zijpe;21,1;22,4;24;23,3;24,5;24,6;25;;
Zoetermeer;21,9;23;24,6;25;25,4;25,2;25,2;25,2;25,3
Zoeterwoude;22,6;24,2;26,9;27;27;27;26,7;27,2;27,8
Zuidhorn;19,9;21,2;22,4;23,5;23,1;23,6;23,9;24;24,6
Zuidplas;;;;;27;27,3;27;27,7;27,6
Zundert;21,2;22,2;24,2;24,8;24,5;24,6;24,6;25;25,2
Zutphen;19,4;20,5;21,7;22,5;22,9;22,9;22,9;23,1;23,2
Zwartewaterland;20,4;21,4;23,4;23,8;23,7;23,5;23,5;23,6;23,6
Zwijndrecht;21,5;22,7;24,7;24,7;24,5;24,4;24,3;24,5;24,6
Zwolle;19,9;20,9;22,4;23;23,3;23,3;23,3;23,6;23,9
